Image,"Testimonial By
",user_name,Year / Grade,Country,City,"Testimonial Type
",Comment
/store/1/default_images/default_profile.jpg,student,Emily Thompson,,united-kingdom,London,text,Rurera has helped tremendously to be a great learner because it helps me practice and learn new things. I have tried the Diagnostic and I think it's great! It really helps you to see which things you should work on and where you're at so you don't do really easy or really hard things.
/store/1/default_images/default_profile.jpg,student,Benjamin Davis,,united-kingdom,Birmingham,text,"Rurera has helped me understand lessons at school better because when I'm at school and I don't understand something, I'll go home and use the lesson on Rurera to help me. I love the Diagnostic. I use it to help me find things that I need to work on. Also, it really motivates me to master each section."
/store/1/default_images/default_profile.jpg,student,Olivia Evans,,united-kingdom,Manchester,text,The best thing about Rurera is that you can access the program virtually anywhere. I like it because I can study anywhere I need and I will always be caught up no matter where I am.
/store/1/default_images/default_profile.jpg,student,William Collins,,united-kingdom,Glasgow,text," I'm a homeschooled student, and it's a miracle to have found Rurera. I'm in 4th grade, and I can't wait to work on 5th grade math, science, social studies, and language arts. Thanks Rurera!"
/store/1/default_images/default_profile.jpg,student,"Ava Mitchell

",,united-kingdom,Leeds,text, Rurera helped me because it teaches me lots of things that I didn't know before. I love how Rurera helps prepare you for the upcoming grades. I like using the Diagnostic mainly to find more skills to do.
/store/1/default_images/default_profile.jpg,student,James Turner,,united-kingdom,Liverpool,text,My favorite part is the assistance offered if you mess up a question because it gives you a step-by-step guidance through the problem. Rurera has greatly helped me academically. I was never good at study habits or focusing until I found Rurera
/store/1/default_images/default_profile.jpg,student,Isabella Parker,,united-kingdom,Newcastle upon Tyne,text, I am a straight-A student and Rurera helps me keep my straight-A record. I use the Rurera Diagnostic to see where I am in a certain subject and to see if I am behind or ahead. It helps me see where I need to practice more and it helps me meet my goals.
/store/1/default_images/default_profile.jpg,student,Sophia Campbell,,united-kingdom,Sheffield,text," The thing I most like about Rurera is the way getting questions right shows that you truly have mastered the skill, which helps to reinforce the ideas and concepts from school. Rurera has increased my grades tremendously. Ever since I have started using this wonderful program, I have been understanding all the concepts and theorems much better, and have shown that in my steadily rising grades on tests and quizzes."
/store/1/default_images/default_profile.jpg,student,Liam Reed,,united-kingdom,Bristol,text,"My grades have gone higher and I love to practice with Rurera. I used to hate learning, but now I just want to know more."
/store/1/default_images/default_profile.jpg,student,Mia Anderson,,united-kingdom,Edinburgh,text,"On Rurera, I start with Recommendations. I click a skill, then practice it. Then, after 15 skills, I go to the Diagnostic arena. I have used the Diagnostic since the first day of summer! And I love it!"
/store/1/default_images/default_profile.jpg,student,Jacob Young,,united-kingdom,Cardiff,text,"I am a freshman in high school and have been using Rurera since I was in third grade. I used to struggle with math, but I am now the smartest in math in my class. I went from C- in math to A+. Whenever I get math homework, I turn to Rurera for help. I master at least two skills per day. Rurera has changed my life academically."
/store/1/default_images/default_profile.jpg,student,Charlotte Scott,,united-kingdom,Belfast,text,"Rurera has ignited my passion for math, improving my mathematical knowledge and making practice enjoyable and engaging."
/store/1/default_images/default_profile.jpg,student,Ethan Bennett,,united-kingdom,Nottingham,text,"I love the rewards and the fact that Rurera provides step-by-step explanations when I get an answer wrong. It has helped me review what I've learned and learn new concepts even before my teacher covers them. I really enjoy using Rurera, and it has made me better in math."
/store/1/default_images/default_profile.jpg,student,Amelia Ward,,united-kingdom,Southampton,text,"I was failing math with a score of 30%, but ever since I found Rurera, my marks have improved to 82%. Thank you so much for helping me with your awesome challenges."
/store/1/default_images/default_profile.jpg,student,"Alexander Kelly
",,united-kingdom,Leicester,text,One of the things I like about Rurera is that it shows you the right way to answer a question when you get it wrong. It has helped me learn things I didn't know and be better prepared for my next class.  
/store/1/default_images/default_profile.jpg,student,Daniel Cooper,,united-kingdom,Aberdeen,text,"As a 7th grade student, Rurera has become my favorite educational website. It keeps me organized, provides clear feedback on my performance, and helps me improve by showing me my mistakes. I believe my grades have improved since I started using Rurera."
/store/1/default_images/default_profile.jpg,student,Grace Lewis,,united-kingdom,Coventry,text,"I wanted Rurera to help me with math, and it has been amazing! The problems are fun, and the rewards are motivating. I love this website and strongly recommend it to everyone. Rurera has helped me understand things I didn't grasp in class"
/store/1/default_images/default_profile.jpg,student,Michael Murphy,,united-kingdom,Brighton and Hove,text,"As an 8th grade student, I am enjoying using Rurera. It has significantly improved my math grades and helped me achieve a perfect score on my quiz. Rurera has made a substantial difference in my math performance."
/store/1/default_images/default_profile.jpg,student,Abigail Wright,,united-kingdom,Portsmouth,text,"My favorite features of Rurera are the step-by-step explanations that help me correct my mistakes. It has personally transformed my math performance, taking me from C+'s to straight A+'s in just two or three months. I'm truly amazed!"
/store/1/default_images/default_profile.jpg,student,Samuel Hill,,united-kingdom,Plymouth,text,"Rurera is a fantastic way for students, or anyone really, to learn! I love how the grades are split into categories, and each grade covers specific topics. I was hoping Rurera could assist me with triangles, and it delivered! It has greatly impacted my grades. Through practice on this site, I saw consistent improvement in my math grades!"
/store/1/default_images/default_profile.jpg,student,Ella Adams,,united-kingdom,Oxford,text,I love Rurera because it helps me prepare for challenging tests at school! I appreciate how it shows me where I went wrong instead of simply providing the answer.
/store/1/default_images/default_profile.jpg,student,Matthew Stewart,,united-kingdom,Norwich,text,"As a student, I believe Rurera is the best way to learn because it offers a variety of practice options and covers all the math topics I need. I can easily log in from home. I adore Rurera. It has taught me numerous techniques that have boosted my grade to an A."
/store/1/default_images/default_profile.jpg,student,Victoria Hayes,,united-kingdom,Stoke-on-Trent,text,"I wanted to improve in English language arts, and over the years, I have made significant progress. I genuinely love your website. Thank you for creating it!"
/store/1/default_images/default_profile.jpg,student,Joseph Jenkins,,united-kingdom,Wolverhampton,text,"I'm in 6th grade, and Rurera is awesome. Last year, I struggled with math grades, but now I'm excelling. Compared to last year, my grades have significantly improved."
/store/1/default_images/default_profile.jpg,student,Lily Barnes,,united-kingdom,Derby,text,"I appreciate how Rurera provides detailed explanations when I get a problem wrong, helping me understand how to solve it correctly. It's also great to receive immediate feedback on whether I got a problem right or wrong. With traditional paper homework, I wouldn't know until later and would keep making the same mistakes. Furthermore, it's fantastic that I can always go back and work on improving my grades. Other programs restrict practice until a set due date, limiting further improvement. Rurera's approach is far superior."
/store/1/default_images/default_profile.jpg,student,David Ramirez,,united-kingdom,Swansea,text,"As a 6th grader who used to despise math, Rurera has been a game-changer for me. I struggled and failed repeatedly, but Rurera has helped me tremendously."
/store/1/default_images/default_profile.jpg,student,Scarlett Cook,,united-kingdom,Southampton,text,"When I started using Rurera, I hoped it could help me improve in every subject, and it delivered. Rurera has been fantastic, giving me an edge by teaching me topics before they are even covered in class."
/store/1/default_images/default_profile.jpg,student,Gabriel Rivera,,united-kingdom,York,text,"Thanks to Rurera, I am now in the top math class! It has made an enormous difference because once I start, I don't want to stop. Rurera keeps me engaged, and I'm saying that as a year 9 student."
/store/1/default_images/default_profile.jpg,student,Chloe Coleman,,united-kingdom,Peterborough,text,"Rurera Analytics helps me track my progress in specific grade-level skills, the number of skills I've mastered, and identifies areas I need to work on using easy-to-understand pie charts and bar graphs. The awards and certificates are also highly motivating."
/store/1/default_images/default_profile.jpg,student,Jackson Price,,united-kingdom,Dundee,text,I used to hate math with a passion during my elementary school days. Rurera has completely changed that. I wake up every morning excited to discover which skill we will tackle today. Rurera has boosted my confidence in math. Thank you!
/store/1/default_images/default_profile.jpg,student,Zoey Reed,,united-kingdom,Sunderland,text,"My mom introduced me to Rurera, even though I initially resisted. Surprisingly, Rurera has actually helped me improve my grades."
/store/1/default_images/default_profile.jpg,student,Christopher Butler,,united-kingdom,Warrington,text,"I learned about Rurera from my previous 3rd-grade teacher, whose child loved it. Following her advice, my mom signed me up, and I absolutely love it!"
/store/1/default_images/default_profile.jpg,student,Penelope Foster,,united-kingdom,Bournemouth,text,"I love cats, and I also love Rurera because it's the most awesome website ever. It has made a tremendous difference and improved my skills."
/store/1/default_images/default_profile.jpg,student,Andrew Cox,,united-kingdom,Southend-on-Sea,text,"Rurera has taken me on an amazing learning journey, and it's not over yet! I have been using Rurera to excel in tests. Whenever I get a question wrong, I read the explanations and learn more. Thank you, Rurera!"
/store/1/default_images/default_profile.jpg,student,Layla Powell,,united-kingdom,Swindon,text,"Math has always been my weakest subject, and when our school introduced Rurera, I was thrilled. The virtual prizes made me even more excited. Thanks to Rurera, my grades have improved from C's to B's and A's. I'm now a straight-A student!"
/store/1/default_images/default_profile.jpg,student,Jonathan Gray,,united-kingdom,Huddersfield,text,"I was hoping to gain a better understanding of challenging math problems, and Rurera has tremendously helped me with that. It's a really cool website, and I'm grateful to my teacher for introducing it to me."
/store/1/default_images/default_profile.jpg,student,Natalie Turner,,united-kingdom,Poole,text,"Rurera has been a lifesaver for me in high school. I used to get all F's, but now I have all B's and even a C. My grades have significantly improved, thanks to Rurera."
/store/1/default_images/default_profile.jpg,student,Jack Mason,,united-kingdom,Middlesbrough,text,"I love how Rurera provides positive feedback when I answer correctly, which keeps me motivated, even when I occasionally make mistakes. Rurera has been instrumental in helping me excel in math, and my grades are excellent."
/store/1/default_images/default_profile.jpg,student,Avery Long,,united-kingdom,Blackpool,text,"Rurera has made math enjoyable for me. It's amazing how it breaks down complex problems into simple steps. Thanks to Rurera, my math skills have improved, and I feel more confident in the subject."
/store/1/default_images/default_profile.jpg,student,Samuel Diaz,,united-kingdom,Bolton,text,"Rurera has transformed my learning experience. It's like having a personal tutor guiding me through challenging math concepts. With Rurera's help, I've become more proficient in math, and my grades have soared."
/store/1/default_images/default_profile.jpg,student,Harper Baker,,united-kingdom,Ipswich,text,"Rurera has been a fantastic tool for me. It provides clear explanations, and I love the interactive nature of the exercises. Thanks to Rurera, I've gained a solid foundation in math and can confidently tackle complex problems."
/store/1/default_images/default_profile.jpg,student,Benjamin Russell,,united-kingdom,Telford,text,"Rurera has been a game-changer for me. It presents math in a fun and engaging way, making me look forward to my math sessions. Thanks to Rurera, I've developed a deeper understanding of math concepts and my grades have improved significantly."
/store/1/default_images/default_profile.jpg,student,Emily Foster,,united-kingdom,Cambridge,text,Rurera has given me the extra practice I needed to excel in math. The personalized recommendations and progress tracking have been invaluable. I'm grateful for Rurera's support in boosting my math skills.
/store/1/default_images/default_profile.jpg,student,Oliver Parker,,united-kingdom,Doncaster,text,"Rurera has made math less daunting for me. The step-by-step explanations and interactive exercises have helped me build a solid math foundation. With Rurera, I've gained the confidence to tackle challenging math problems."
/store/1/default_images/default_profile.jpg,student,Amelia Collins,,united-kingdom,Hastings,text,"Rurera has turned math into a subject I enjoy. It provides a variety of exercises and adapts to my learning pace. Thanks to Rurera, I've become more proficient in math and my grades have significantly improved."
/store/1/default_images/default_profile.jpg,student,Lucas Campbell,,united-kingdom,Eastbourne,text,Rurera has been an incredible learning companion. The clear explanations and practice exercises have strengthened my math skills. I'm grateful to Rurera for making math more accessible and enjoyable.
/store/1/default_images/default_profile.jpg,student,Sophia Hughes,,united-kingdom,Exeter,text,"Rurera has helped me develop a love for math. The interactive interface and challenging exercises have made learning math a fun adventure. Thanks to Rurera, I've excelled in math and gained confidence in my abilities."
/store/1/default_images/default_profile.jpg,student,Henry Martin,,united-kingdom,Cheltenham,text,"Rurera has been a lifesaver for me. It provides thorough explanations and helps me understand math concepts better. Thanks to Rurera, my math skills have improved, and I feel more prepared for exams."
/store/1/default_images/default_profile.jpg,student,Caleb Hughes,,united-kingdom,Gloucester,text,Rurera has been my go-to resource for math practice. The extensive question bank and immediate feedback have helped me master various math skills. Rurera has made a significant difference in my academic performance.
/store/1/default_images/default_profile.jpg,student,Ethan Wilson,,united-kingdom,Plymouth,text,"Rurera has made math enjoyable and accessible. The engaging lessons and interactive quizzes have transformed my learning experience. Thanks to Rurera, I've become more confident in math and my grades have improved."
/store/1/default_images/default_profile.jpg,student,Harper Adams,,united-kingdom,Oxford,text,"Rurera has been an invaluable tool for me. It offers a personalized learning experience and adapts to my individual needs. With Rurera's help, I've become more proficient in math and achieved higher grades."
/store/1/default_images/default_profile.jpg,student,Alexander Mitchell,,united-kingdom,Norwich,text,"Rurera has been a fantastic companion on my math journey. The detailed explanations and variety of exercises have helped me tackle challenging problems. Thanks to Rurera, I've grown to enjoy math and excel in the subject."
/store/1/default_images/default_profile.jpg,student,Grace Thompson,,united-kingdom,Stoke-on-Trent,text,Rurera has transformed my math skills. The clear explanations and practice opportunities have boosted my understanding and confidence. Rurera has been instrumental in my academic success.
/store/1/default_images/default_profile.jpg,student,Daniel Carter,,united-kingdom,Wolverhampton,text,"Rurera has made math engaging and accessible. The interactive platform and progress tracking have motivated me to strive for improvement. Thanks to Rurera, I've seen a significant improvement in my math grades."
/store/1/default_images/default_profile.jpg,student,Lily Jenkins,,united-kingdom,Derby,text,Rurera has been a reliable math companion. The interactive lessons and step-by-step guidance have enhanced my learning experience. Rurera's support has been invaluable in improving my math skills.
/store/1/default_images/default_profile.jpg,student,Samuel Brooks,,united-kingdom,Swansea,text,"My teacher assigned us Rurera, so I was kind of hoping it would help me in math. I strongly believe that Rurera has helped me with my knowledge for this year and years to come."
/store/1/default_images/default_profile.jpg,student,Victoria Ellis,,united-kingdom,Southampton,text,"My favorite feature of Rurera is how, if I get a problem wrong, it shows me how to properly do it. My grades are getting better, and it's increasing my hopes of advancing without ever failing. Rurera is a great way to practice math, and it actually feels like a game!"
/store/1/default_images/default_profile.jpg,student,Christopher Reed,,united-kingdom,York,text,"Rurera has had a huge impact on my grades. In math, I used to get D's and C's. After I started using Rurera, I got A's. I improved so much that my teacher thought I was getting the answers from someone else. I showed her Rurera, and she got the whole class an account because I told her it would really help."
/store/1/default_images/default_profile.jpg,student,Ava Morgan,,united-kingdom,Peterborough,text,"I was hoping that Rurera could help me improve in math, specifically in geometry and fractions, but it also helped me with language arts. I like the awards. It helps kids want to earn more and show their friends and compete against each other. It also helps kids feel good because they earned something by doing well."
/store/1/default_images/default_profile.jpg,parent,Noah Anderson,,united-kingdom,London,text,Rurera has been a game-changer for my child's education. The personalized recommendations and interactive lessons have made learning math enjoyable and effective. I'm impressed by the progress my child has made since using Rurera.
/store/1/default_images/default_profile.jpg,parent,Olivia Roberts,,united-kingdom,Birmingham,text,"As a homeschooling parent, Rurera has become an invaluable resource. The comprehensive curriculum and detailed progress tracking have made it easier for me to tailor my child's education. Rurera has transformed our homeschooling journey."
/store/1/default_images/default_profile.jpg,parent,Liam Cooper,,united-kingdom,Manchester,text,"Rurera has been a fantastic tool for my child's academic growth. The engaging interface and instant feedback have made learning a fun experience. Thanks to Rurera, my child has developed a strong foundation in math and other subjects."
/store/1/default_images/default_profile.jpg,parent,Amelia Parker,,united-kingdom,Glasgow,text,"Rurera has exceeded my expectations. The diagnostic assessments have helped me identify my child's strengths and weaknesses, allowing me to focus on areas that need improvement. Rurera has truly personalized my child's learning journey."
/store/1/default_images/default_profile.jpg,parent,Mason Campbell,,united-kingdom,Leeds,text,Rurera has transformed the way my child approaches learning. The interactive lessons and challenging exercises have instilled a sense of curiosity and a love for knowledge. I'm grateful for the positive impact Rurera has had on my child's education.
/store/1/default_images/default_profile.jpg,parent,Isabella Richardson,,united-kingdom,Liverpool,text,"I love this educational tool, Rurera. My favorite features are the explanations for incorrect answers and the awards, which help motivate my kids to continue practicing. I also appreciate the Diagnostic and personalized recommendations of Rurera. Since signing my kids up for Rurera, they have gained a love for studying outside of the classroom. I have also noticed my kids' test scores increase."
/store/1/default_images/default_profile.jpg,parent,Jacob Davis,,united-kingdom,Newcastle upon Tyne,text," I love the Rurera Diagnostic. I look at it daily. It allows me to encourage, praise, and redirect my kids back to topics where they need help."
/store/1/default_images/default_profile.jpg,parent,Sophia Brooks,,united-kingdom,Sheffield,text," I like that Rurera helps me monitor my children's progress and keeps me updated, as well as gives recommendations. My #1 favorite thing is that all the skills are listed and correlated with CA standards. Whichever grade level my children are in, every skill becomes extra support on what they have covered in school."
/store/1/default_images/default_profile.jpg,parent,William Hayes,,united-kingdom,Bristol,text,"I use Rurera to supplement what my sons learn at school and to cover problem areas that they need more practice in. The Diagnostic and Analytics of Rurera are very helpful, letting me know how much time is being spent on the lessons and how my kids are doing."
/store/1/default_images/default_profile.jpg,parent,Ava Mitchell,,united-kingdom,Edinburgh,text," I use Rurera to teach math, language arts, social studies, and science to my sons. I like that it has all the skills necessary to learn each topic, and that Rurera keeps track of students' progress with analytics and diagnostics."
/store/1/default_images/default_profile.jpg,parent,Michael Foster,,united-kingdom,Cardiff,text," Rurera is interactive, with instantaneous feedback. The visuals and graphics are vivid and interesting, keeping my daughter engaged. The awards work as positive reinforcement, which is very nice. I love getting regular email updates about her progress."
/store/1/default_images/default_profile.jpg,parent,Emily Turner,,united-kingdom,Belfast,text," I love Rurera's weekly reports, and my girls love that it is fun and interesting. Rurera has encouraged my girls to stay with a subject and truly learn it. We have used other programs, but prefer Rurera because we can pick the levels and areas of study."
/store/1/default_images/default_profile.jpg,parent,Benjamin Price,,united-kingdom,Nottingham,text," I love how if my kids miss a question, Rurera presents the question in a different way until the concept is mastered. We also like the layout and how easy it is to find the concept that they need to master. And my kids love the awards and fun questions of Rurera."
/store/1/default_images/default_profile.jpg,parent,Harper Nelson,,united-kingdom,Southampton,text,"My daughter was ''below basic'' last year in math, and Rurera has been a miracle to us. She is now the 1 student at her junior high school for Excellent Academic Performance!"
/store/1/default_images/default_profile.jpg,parent,James Mitchell,,united-kingdom,Leicester,text,Rurera is a uniquely fun way for my children to reinforce the appropriate skills for their ages. It creates a greater confidence in them and in me. Rurera also helps me to quickly identify any trouble spots in any given subject that may require more attention. I can plan my time and daily schedule to accommodate those needs. I like the reward system and the effectiveness of adjusting my younger children to the use of a computer. This program is an all-around useful tool in my children's education.
/store/1/default_images/default_profile.jpg,parent,Charlotte Carter,,united-kingdom,Aberdeen,text,"As a parent, I love your site, Rurera, and what you offer! My son really loved your graphics, and he liked the lessons! Our son has been doing math skills this summer, and it's a great refresher before school starts. Thank you for having Rurera readily available!"
/store/1/default_images/default_profile.jpg,parent,Elijah Foster,,united-kingdom,Coventry,text,"Rurera is a great program. It's good for building knowledge and reinforcing basic skills so that my daughter can keep up with the pace of classroom learning. Rurera will work with her at her level until she masters the skill, and I can monitor her progress with the analytics!"
/store/1/default_images/default_profile.jpg,parent,Mia Reed,,united-kingdom,Brighton and Hove,text,"My favorite thing about Rurera is that I can enhance my daughter's homeschooling. I can go to a subject she is being challenged in, teach her more about a subject, or test her abilities through Rurera."
/store/1/default_images/default_profile.jpg,parent,Alexander Powell,,united-kingdom,Portsmouth,text,We love Rurera! It explains in detail when a child gets a problem wrong and helps the child understand how to get the right answer. My sons' grades are improving because of Rurera.
/store/1/default_images/default_profile.jpg,parent,Evelyn Russell,,united-kingdom,Plymouth,text,"When I started my daughter on Rurera Language Arts, her grade at school jumped almost 20 points in a six-week period. My daughter was receiving C's and D's in Language Arts, but after starting your program, she has A's and B's. Math was also a constant struggle, but her grades gradually improved as we filled in her knowledge gaps with Rurera."
/store/1/default_images/default_profile.jpg,parent,Ethan Gray,,united-kingdom,Oxford,text,"I homeschool three girls and have been using Rurera for a while now. I love that I can do the diagnostics for each child, and that it is very easy for them to complete state objectives. My girls are no longer afraid to get the answer wrong. They know that as long as they answer, there will be an explanation for incorrect answers."
/store/1/default_images/default_profile.jpg,parent,Abigail Reynolds,,united-kingdom,Norwich,text,"It's easy for my kids to use Rurera, and it helps me see where their learning is aligning with state standards. It's a very powerful tool and one of the best educational apps we've ever used."
/store/1/default_images/default_profile.jpg,parent,Samuel Bennett,,united-kingdom,Stoke-on-Trent,text,"Halfway through the school year, we could tell our daughter wasn't mastering the math skills she needed. After just three weeks, her comprehension and confidence are definitely growing. I would recommend Rurera to any parent who is concerned about their child's progress."
/store/1/default_images/default_profile.jpg,parent,Grace Kelly,,united-kingdom,Wolverhampton,text,"This program, Rurera, takes the frustration out of math because it allows the student to practice at his/her own pace and stay focused. It's okay if you mark one wrong because another one will be waiting. This is a great tool to have."
/store/1/default_images/default_profile.jpg,parent,Christopher Murphy,,united-kingdom,Derby,text,I love how Rurera is tailored to EXACTLY where my children are academically.
/store/1/default_images/default_profile.jpg,parent,Scarlett Jenkins,,united-kingdom,Swansea,text,Rurera helps my son and our foster child by identifying where they need to focus to have a well-rounded knowledge base. My favorite part is the Diagnostic; I like being able to assess and reassess my child's abilities and points of weakness.
/store/1/default_images/default_profile.jpg,parent,Daniel Collins,,united-kingdom,Southampton,text,"I let my son choose whatever he wants to practice on Rurera. The positive reinforcement and reports are great... My son does not mind doing lessons. This is an unconventional usage, but absolutely works for us. I recommend it for other parents with special needs children."
/store/1/default_images/default_profile.jpg,parent,Lily Harrison,,united-kingdom,York,text,"My six-year-old son is very bright in reading, writing, and other areas and is easily reading at a 2nd-grade level if not above. The one area he struggles in is math. But with Rurera, I can see some improvement in his math skills already. I like the fact that he can access it from home and practice it. I also like the fact that I can check on his progress. This is an invaluable tool that I can use to help further his education. Thank you, Rurera, and thank you, Kenden Elementary, for providing this program for my son."
/store/1/default_images/default_profile.jpg,parent,David Cox,,united-kingdom,Peterborough,text,We like the rewards and certificates on Rurera; our children work very hard to receive these! The reports are also brilliant in keeping us informed of the levels our children have reached and where they need extra help.
/store/1/default_images/default_profile.jpg,parent,Victoria Simmons,,united-kingdom,Dundee,text,Rurera really boosted my junior high daughter's confidence in math – so much so that I asked my school if I could get a subscription for my math classes.
/store/1/default_images/default_profile.jpg,parent,Joseph Brooks,,united-kingdom,Sunderland,text,"I love that my child has the opportunity to review concepts and advance to the next stages when mastery is achieved. I love that if a child struggles with a topic or lesson, you can go below grade level for extra practice, and once mastery is achieved, you can go to higher grade levels for advanced practice. The comprehensive practice across subjects in Rurera is excellent!"
/store/1/default_images/default_profile.jpg,parent,Harper Stevens,,united-kingdom,Warrington,text,My son has come in 2nd in his school because of practicing math in Rurera.
/store/1/default_images/default_profile.jpg,parent,Christopher Wright,,united-kingdom,Bournemouth,text,Getting to the basics and working up from there in small steps and not leaps — I find Rurera supports this very well. I saw a vast improvement in my older child's fraction answering.
/store/1/default_images/default_profile.jpg,parent,Penelope Ramirez,,united-kingdom,Southend-on-Sea,text,"As a parent, I love Rurera. My son thinks it is another computer game. He loves the game board, with the stars and awards. What an incentive for the kids to look forward to! My preschooler is so excited to fill in all the award spots. It is just awesome."
/store/1/default_images/default_profile.jpg,parent,Matthew Edwards,,united-kingdom,Swindon,text,"I get kids of all ages, but the one thing they have in common is a lack of parental interest in their education. Rurera has helped them build skills and gain confidence in a way they never have before. It really helps turn them around. It takes the hardest subject and helps them excel."
/store/1/default_images/default_profile.jpg,parent,Madison Wilson,,united-kingdom,Huddersfield,text,"My son struggled with math last year in second grade and scored 'Below Basic' on California's STAR test. His overall math performance was in the 28th percentile. We found Rurera online, and this year, he is in the 92nd percentile in math. He enjoys going to school, he loves doing his homework, and overall I think he is just a happier, more confident kid."
/store/1/default_images/default_profile.jpg,parent,Andrew Morgan,,united-kingdom,Poole,text,"My son has gone from a low D at the end of the 2nd quarter to a low B this quarter. There is still room for him to improve, but he sees the results, and he can see the extra work and time he spends on Rurera "
/store/1/default_images/default_profile.jpg,parent,Chloe Butler,,united-kingdom,Middlesbrough,text,"has had a positive impact on his grade. His overall attitude towards math has also improved, and he no longer is discouraged at his ability to understand and solve the problems in class."
/store/1/default_images/default_profile.jpg,parent,Jackson Mitchell,,united-kingdom,Blackpool,text,"This program is awesome. I have three young children enrolled, and they fight over who gets to use the computer to work on their math in Rurera."
/store/1/default_images/default_profile.jpg,parent,Zoey Cooper,,united-kingdom,Bolton,text,My daughter loves the awards in Rurera and is very keen to see what she has obtained after her hard work!
/store/1/default_images/default_profile.jpg,parent,Jack Turner,,united-kingdom,Ipswich,text,"My children love the awards boards in Rurera, and the fact that they can change their account icons to a favorite award. Believe it or not, this is very motivating for them."
/store/1/default_images/default_profile.jpg,parent,Amelia Davis,,united-kingdom,Telford,text,"My kids have improved a lot in their math abilities, and we will keep using Rurera for years to come. They enjoy the fun questions, awards, and SmartScore!"
/store/1/default_images/default_profile.jpg,parent,Lucas Thompson,,united-kingdom,Cambridge,text,"I think Rurera is the best educational maths site for my kids. It's excellent in the way it gives the parent feedback. Also, congrats for one of the simplest and most interesting sites for maths."
/store/1/default_images/default_profile.jpg,parent,Natalie Roberts,,united-kingdom,Doncaster,text,"I use Rurera to highlight the problem spots in my children's learning. If they are having challenges completing a skill, it is a sign to me that they need more instruction in that area. Rurera makes learning fun and challenges my children to focus on the details of the subject by ensuring they are competent in each individual skill."
/store/1/default_images/default_profile.jpg,parent,Henry Adams,,united-kingdom,Hastings,text,"My daughter is in grade 3, and she went from a C student to an A- student. For next year, we are shooting for an A in Rurera."
/store/1/default_images/default_profile.jpg,parent,Addison Wright,,united-kingdom,Eastbourne,text,"My girls have utilized your site since 2nd grade to excel at math. They are in advanced classes and receive A's in math, thanks to Rurera."
/store/1/default_images/default_profile.jpg,parent,Aiden Evans,,united-kingdom,Exeter,text,I like the fact that the national curriculum topics are so well broken down into individual learning components in Rurera.
/store/1/default_images/default_profile.jpg,parent,Aubrey Lewis,,united-kingdom,Cheltenham,text,"I just wanted to compliment you all on such a great math program. My oldest child LOVES Rurera. I've pulled her out of school to homeschool her, and the Rurera reports have been invaluable! It makes it so easy for me to add her grades to my grading spreadsheet and to see her improvement. I love that you provide that information — it really makes a difference for a new homeschooler!"
/store/1/default_images/default_profile.jpg,parent,Gabriel Hayes,,united-kingdom,Hastings,text,I love that my son and his classmates want to spend time practicing math in Rurera!
/store/1/default_images/default_profile.jpg,parent,Savannah Walker,,united-kingdom,,text,"Thanks to Rurera, the kids catch on in minutes – versus when Mom would try to work through it with them with lots of frustration."
